Category,Type,URL,Resource Name
Benchmarking,Web Dashboard,https://wetheuae2031.com/benchmark/,GCC Benchmark Intelligence - WE THE UAE 2031
Benchmarking,Web Resource,https://www.vision2030.ai/benchmark/,Saudi Vision 2030 - GCC Benchmarks
Best Practices,Web Article,https://amnic.com/blogs/best-practices-for-gcc,Amnic - Best Practices for Global Capability Centers (GCCs)
Best Practices,Web Guide,https://www.esparkinfo.com/global-capability-center/gcc-best-practices,ESpark - GCC Best Practices for Building High-Impact GCCs in 2026
Best Practices,Web Article,https://www.ivalueplus.com/gcc-best-practices-2025/,iValuePlus - GCC Best Practices 2025: Business-Ready Strategies Aligned with Vision 2030
Best Practices,Web Article,https://www.ivalueplus.com/gcc-best-practices-2026-what-high-performing-global-capability-centers-do-differently/,iValuePlus - GCC Best Practices 2026: What High-Performing GCCs Do Differently
Business Continuity,Pdf Report,https://www.bci.org/resource/gcc-business-continuity-best-practices.html,BCI - Business Continuity Best Practices for GCCs
Business Continuity,Pdf Whitepaper,https://www.gartner.com/en/risk-compliance/topics/gcc-business-continuity,Gartner - Business Continuity Planning for GCCs
Case Studies,Web Article,https://www.cio.com/article/gcc-digital-transformation-case-studies/,CIO - GCC Digital Transformation Case Studies
Case Studies,Pdf Collection,https://www.capgemini.com/insights/research-library/gcc-success-stories/,Capgemini - GCC Implementation Success Stories
Case Studies,Web Resource,https://www.nasscom.in/gcc-case-studies,NASSCOM - GCC Success Stories Collection
Case Studies,Pdf Report,https://www.zinnov.com/gcc-case-studies/,Zinnov - GCC Transformation Case Studies
Communication,Web Article,https://hbr.org/gcc-communication-best-practices,HBR - Communication Best Practices for GCCs
Communication,Web Resource,https://www.iabc.com/gcc-internal-communications/,IABC - Internal Communications for GCCs
Communication,Pdf Guide,https://www.instituteforpr.org/gcc-crisis-communication-guide/,Institute for PR - Crisis Communication for GCCs
Community,Web Resource,https://www2.deloitte.com/in/en/pages/about-deloitte/events/gcc-roundtables.html,Deloitte - GCC Roundtables & Forums
Community,Web Resource,https://www.ey.com/en_in/webcasts/gcc-webinar-series,EY - GCC Webinar Series
Community,Web Resource,https://www.linkedin.com/groups/gcc-professionals/,LinkedIn - GCC Professionals Group
Community,Web Calendar,https://www.nasscom.in/events/gcc-summit,NASSCOM - GCC Summit & Events
Community,Web Portal,https://community.nasscom.in/communities/global-capability-centers/,NASSCOM - Global Capability Centers Community
Cost Optimization,Web Report,https://www.ey.com/en_in/insights/consulting/global-capability-centers/how-are-gcc-s-delivering-value-while-optimizing-cost-and-investments,EY - GCCs Delivering Value While Optimizing Costs
Cybersecurity,Web Resource,https://www.cisco.com/c/en_in/solutions/industries/gcc-security-solutions.html,Cisco - Security Solutions for GCCs
Cybersecurity,Web Article,https://www.fortinet.com/solutions/industries/gcc-network-security,Fortinet - Network Security for GCCs
Cybersecurity,Pdf Report,https://www.paloaltonetworks.com/resources/gcc-security-best-practices,Palo Alto Networks - GCC Security Best Practices
Cybersecurity,Pdf Guide,https://www.pwc.in/services/consulting/cybersecurity/gcc-security-framework.html,PwC - GCC Cybersecurity Framework
Digital & GCC Evolution,Web Report,https://www.oliverwyman.com/our-expertise/insights/2025/nov/india-gcc-evolution.html,Oliver Wyman - The Next Evolution Of India's Global Capability Centers
Digital Strategy,Web Article,https://www.linkedin.com/pulse/digital-transformation-strategy-map-practical-gcc-mazen-bou-diab-wjpuf,Digital Transformation Strategy Map: A Practical Framework for GCC Businesses & Governments
Digital Transformation,Web Article,https://www.linkedin.com/pulse/digital-transformation-gcc-smes-complete-2026-skeof,Digital Transformation for GCC SMEs | Complete 2026 Guide
Digital Transformation,Web Article,https://sunandoroy.org/2025/06/04/digital-transformation-in-the-gulf-cooperation-council-economies-insights-from-a-2025-study/,Digital Transformation in the Gulf Cooperation Council Economies
Digital Transformation,Pdf Report,https://elibrary.imf.org/view/journals/087/2025/003/087.2025.issue-003-en.xml,IMF - Digital Transformation in the Gulf Cooperation Council Economies
Digital Trends,Web Article,https://www.oliverwyman.com/our-expertise/insights/2025/mar/7-digital-trends-transforming-the-gcc.html,Oliver Wyman - GCC Digital Transformation: 7 Must-Know Trends For 2025
ESG,Web Report,https://www2.deloitte.com/in/en/pages/risk/articles/gcc-sustainability-reporting.html,Deloitte - Sustainability Reporting for GCCs
ESG,Pdf Guide,https://www.ey.com/en_in/sustainability/gcc-esg-framework,EY - ESG Framework for Global Capability Centers
ESG,Pdf Report,https://www.kpmg.com/in/en/home/insights/gcc-carbon-neutrality-roadmap.html,KPMG - Carbon Neutrality Roadmap for GCCs
ESG,Pdf Report,https://www.pwc.in/services/sustainability-climate-change/gcc-esg-strategy.html,PwC - ESG Strategy for GCCs
ESG,Web Resource,https://www.usgbc.org/leed/gcc-green-building-certification,USGBC - LEED Certification for GCC Buildings
Finance Operations,Pdf Case Study,https://hexaware.com/case-study/centralizing-and-transforming-finance-operations-building-a-global-capability-center-gcc/,Hexaware - Transform Finance Operations with a Global Capability Center
Finance Operations,Web Article,https://www.linkedin.com/pulse/how-indian-gccs-transforming-global-finance-2025-deepanya-gautam-qcrdc,LinkedIn - How Are Indian GCCs Transforming Global Finance Operations in 2025?
Finance Transformation,Web Resource,https://www.grantthornton.in/events/navigating-finance-transformation-in-gccs/,Grant Thornton - Navigating Finance Transformation in GCCs
Functions - Analytics,Web Article,https://www.gartner.com/en/data-analytics/topics/gcc-analytics-strategy,Gartner - Analytics Strategy for GCCs
Functions - Analytics,Pdf Report,https://www.mckinsey.com/capabilities/quantumblack/our-insights/gcc-analytics-centers,McKinsey QuantumBlack - Analytics Centers in GCCs
Functions - Analytics,Pdf Whitepaper,https://www.sas.com/en_us/insights/articles/analytics/gcc-analytics-transformation.html,SAS - Analytics Transformation in GCCs
Functions - Analytics,Web Resource,https://www.tableau.com/solutions/gcc-data-analytics,Tableau - Data Analytics Solutions for GCCs
Functions - Finance & Accounting,Pdf Report,https://www2.deloitte.com/content/dam/Deloitte/global/Documents/Finance/gx-finance-gcc-operating-model.pdf,Deloitte - Finance GCC Operating Model
Functions - Finance & Accounting,Pdf Report,https://www.ey.com/en_gl/global-business-services/finance-transformation-gcc,EY - Finance Transformation in GCCs
Functions - Finance & Accounting,Web Resource,https://www.gartner.com/en/finance/topics/finance-shared-services,Gartner - Finance Shared Services Best Practices
Functions - Finance & Accounting,Pdf Guide,https://www.pwc.com/gx/en/services/consulting/finance-transformation-gcc.html,PwC - Finance Function in GCCs
Functions - HR,Web Resource,https://www.adp.com/resources/articles-and-insights/articles/g/gcc-hr-operations-guide.aspx,ADP - GCC HR Operations Guide
Functions - HR,Pdf Guide,https://www.aon.com/human-capital-solutions/gcc-hr-strategy,Aon - HR Strategy for Global Capability Centers
Functions - HR,Pdf Report,https://www.mercer.com/our-thinking/career/gcc-hr-transformation.html,Mercer - HR Transformation in GCCs
Functions - HR,Web Article,https://www.shrm.org/resourcesandtools/hr-topics/global-hr/pages/gcc-hr-best-practices.aspx,SHRM - GCC HR Best Practices
Functions - IT & Engineering,Web Resource,https://www.accenture.com/in-en/insights/technology/gcc-engineering-rd,Accenture - GCC Engineering & R&D Functions
Functions - IT & Engineering,Pdf Report,https://www.gartner.com/en/information-technology/research/gcc-it-strategy,Gartner - IT Strategy for GCCs
Functions - IT & Engineering,Web Article,https://www.mckinsey.com/capabilities/mckinsey-digital/our-insights/engineering-capabilities-in-gccs,McKinsey - Engineering Capabilities in GCCs
Functions - IT & Engineering,Pdf Whitepaper,https://www.thoughtworks.com/insights/gcc-engineering-excellence,ThoughtWorks - Engineering Excellence in GCCs
Future Trends,Web Article,https://www.accenture.com/in-en/insights/technology/gcc-metaverse-applications,Accenture - Metaverse Applications for GCCs
Future Trends,Pdf Whitepaper,https://www2.deloitte.com/in/en/pages/technology/articles/gcc-blockchain-use-cases.html,Deloitte - Blockchain Use Cases in GCCs
Future Trends,Pdf Report,https://www.gartner.com/en/information-technology/insights/gcc-future-trends,Gartner - Future Trends in GCC Operations
Future Trends,Web Resource,https://www.ibm.com/quantum/gcc-quantum-readiness,IBM - Quantum Computing Readiness for GCCs
Future Trends,Web Article,https://www.mckinsey.com/capabilities/mckinsey-digital/our-insights/gcc-emerging-technologies,McKinsey - Emerging Technologies in GCCs
GCC Cybersecurity & Data Privacy,Article,https://corporate.cyrilamarchandblogs.com/2024/07/data-privacy-and-cybersecurity-landscape-for-gccs-in-india-key-considerations/,Cyril Amarchand: Data Privacy & Cybersecurity for GCCs – Key Considerations
GCC Cybersecurity & Data Privacy,Annual Report,https://www.dsci.in/content/annual-report-2024-25,DSCI Annual Report 2024-25 – India Data Security Landscape
GCC Cybersecurity & Data Privacy,Report PDF,https://www.dsci.in/files/content/knowledge-centre/2024/DSCI-DIGEST-3.pdf,DSCI Digest October 2024 – GCC Cybersecurity Ecosystem & Talent Trends
GCC Cybersecurity & Data Privacy,Web Page,https://www.dsci.in/content/dsci-cyber-gcc-summit,DSCI: Cyber GCC Summit – Cybersecurity for Global Capability Centres
GCC Cybersecurity & Data Privacy,Report PDF,https://www.dsci.in/files/content/knowledge-centre/2023/India%20Cybersecurity%20Domestic%20Market%202023%20Report.pdf,DSCI: India Cybersecurity Domestic Market 2023 – $7 Billion Market Analysis
GCC Cybersecurity & Data Privacy,Web Page,https://www.dsci.in/,DSCI: India's Cybersecurity & Privacy Resource Hub (NASSCOM Body)
GCC Cybersecurity & Data Privacy,Blog,https://inductusgcc.com/cybersecurity-risk-management-gcc/,Inductus: Cybersecurity Risk Management for GCCs – ISO 27001 & NIST Frameworks
GCC Cybersecurity & Data Privacy,Report,https://nasscom.in/knowledge-center/publications/dsci-kpmg-secure-india-2023-gcc-empowered-global-cybersecurity-and-digital-risk-management,NASSCOM: DSCI-KPMG 'Secure in India' 2023 – Cyber GCCs & Digital Risk Mgmt
GCC ESG & Sustainability,Article,https://www.deloitte.com/in/en/about/press-room/indias-gccs-lead-in-empowerment-and-inclusion-driving-employee-centric-growth.html,Deloitte India: GCCs Lead in Empowerment & Inclusion – Culture Sensing Report 2025
GCC ESG & Sustainability,Report,https://www.deloitte.com/in/en/services/consulting/services/human-capital/india-culture-index.html,Deloitte India: India Culture Sensing Report – GCC Culture Index 82/100 (2025)
GCC ESG & Sustainability,Report,https://www.deloitte.com/in/en/issues/climate/navigating-esg-global-regulations-and-tools.html,Deloitte India: Navigating ESG Global Regulations and Tools
GCC ESG & Sustainability,Report,https://www.deloitte.com/us/en/services/audit-assurance/articles/esg-survey.html,Deloitte: 2024 Sustainability Action Report – ESG Integration Trends
GCC ESG & Sustainability,Article,https://www.ey.com/en_in/insights/consulting/global-capability-centers/eight-ways-gcc-s-are-anchoring-global-esg-initiatives,EY: 8 Ways GCCs Are Anchoring Global ESG Initiatives – Survey 2024
GCC ESG & Sustainability,Article,https://www.ey.com/en_in/services/consulting/global-capability-centers/eight-ways-gcc-s-are-anchoring-global-esg-initiatives,EY: GCCs Building Predictive Emission Models & Carbon Regulation Assessments
GCC ESG & Sustainability,Guide,https://inductusgcc.com/gcc-esg-reporting/,"Inductus: GCC ESG Reporting – BRSR, CSRD & SEC Climate Disclosure Guide"
GCC ESG & Sustainability,Blog,https://inductusgcc.com/gcc-sustainability/,Inductus: GCC Sustainability Initiatives – Carbon Neutrality & Green Operations
GCC ESG & Sustainability,Article,https://www.mondaq.com/india/diversity-equity-inclusion/1418944/yearly-rewind-diversity-equity-and-inclusion-dei,Mondaq: Yearly Rewind – DEI in India's GCC and Corporate Ecosystem 2024
GCC Ecosystem & Enablers,Web Page,https://www.manpowergroup.co.in/,ManpowerGroup India: Workforce Solutions for Global Capability Centers
GCC Ecosystem & Enablers,Web Page,https://nasscom.in/knowledge-center/publications,"NASSCOM: Knowledge Center – Publications on GCC, Tech & Innovation"
GCC Ecosystem & Enablers,Web Page,https://nasscom.in/,NASSCOM: National Association of Software & Service Companies – GCC Apex Body
GCC Ecosystem & Enablers,Web Page,https://www.randstad.in/employers/insights/global-capability-centers/,Randstad India: GCC Staffing & Talent Solutions – Workforce for New Centers
GCC Ecosystem & Enablers,Web Page,https://www.teamlease.com/,TeamLease: India's Largest Staffing Company – GCC Talent Deployment Partner
GCC Future & Trends,Blog,https://aeriestechnology.com/future-gcc-trends-2025/,"Aeries Technology: Future GCC Trends 2025 – AI, Hyper-Automation & Global Leadership"
GCC Future & Trends,Blog,https://inductusgcc.com/gcc-future-trends/,Inductus: Future of GCCs – 5 Mega-Trends Shaping GCCs in 2025-2030
GCC Future & Trends,Blog,https://inductusgcc.com/,Inductus: Why Enterprises Are Rethinking GCC Strategies in 2026
GCC Future & Trends,Blog,https://www.infosysbpm.com/blogs/global-capability-centers/future-of-gcc.html,Infosys BPM: Future of GCC – From Cost Centers to Global Innovation Powerhouses
GCC Future & Trends,Blog,https://supersourcing.com/blog/future-of-global-capability-centers/,Supersourcing: Future of Global Capability Centers – Key Predictions for 2026-2030
GCC Future & Trends,Blog,https://zinnov.com/,Zinnov: Why Globalization is PE's Strongest Value Lever – 5-Step Playbook
GCC Governance & Operating Framework,Event,https://www.ey.com/en_in/services/consulting/global-capability-centers/gcc-exchange,"EY GCC Exchange – Quarterly Roundtable on Real Estate, Talent & Governance"
GCC Governance & Operating Framework,Blog,https://inductusgcc.com/center-of-excellence-gcc/,Inductus: Center of Excellence Design – Governance Models for GCC CoEs
GCC Governance & Operating Framework,Blog,https://inductusgcc.com/gcc-performance-metrics/,Inductus: GCC Performance Metrics – KPIs to Measure Value Delivery
GCC Governance & Operating Framework,Blog,https://inductusgcc.com/gcc-stakeholder-management/,Inductus: GCC Stakeholder Management – Building Trust with HQ Leadership
GCC Governance & Operating Framework,Blog,https://www.infosysbpm.com/blogs/global-capability-centers/centers-of-excellence.html,Infosys BPM: Centers of Excellence in GCCs – Driving Innovation at Scale
GCC Governance & Operating Framework,Blog,https://knowvisoryglobal.com/gcc-governance-framework/,"Knowvisory: GCC Governance Framework – Roles, Accountabilities & Reporting"
GCC Governance & Operating Framework,Blog,https://www.plugscale.com/gcc-kpis,"Plugscale: GCC KPIs – Measuring Productivity, Quality & Innovation Output"
GCC Governance & Operating Framework,Web Page,https://www.pwc.com/gx/en/about/analyst-relations/2025/everest-gcc-transformation-india-2025.html,PwC: Leader in Everest Group GCC Transformation PEAK Matrix 2025
GCC Government Policy & Economic Impact,Web Page,https://www.investindia.gov.in/sector/global-capability-centres,Invest India: GCC Sector Page – India's Investment Facilitation for GCCs
GCC Government Policy & Economic Impact,Web Page,https://stpi.in/en/,STPI India: Software Technology Parks – GCC Policy & Registration Portal
GCC Innovation & R&D,Blog,https://inductusgcc.com/gcc-innovation-labs/,Inductus: GCC Innovation Labs – Startup Partnerships & Academia Collaborations
GCC Innovation & R&D,Blog,https://inductusgcc.com/ip-management-gcc/,"Inductus: IP Management for GCCs – Patents, Trade Secrets & IP Transfer"
GCC Innovation & R&D,Blog,https://supersourcing.com/blog/gcc-intellectual-property-management/,Supersourcing: GCC IP Ownership – Structuring Agreements and Protecting Innovation
GCC Landscape & Market Overview,Report,https://community.nasscom.in/communities/gcc/global-capability-centers-gcc-quarterly-landscape-report,ANSR: GCC Quarterly Landscape Report 2024
GCC Landscape & Market Overview,Blog,https://www.brickworkindia.com/blog/what-is-a-gcc-an-overview-of-gccs-in-india,Brickwork India: What Is a GCC? An Overview of GCCs in India
GCC Landscape & Market Overview,Report PDF,https://www.dnb.co.in/files/reports/DNB-Rethinking-the-Future-of-Global-Capability-Centers-2025.pdf,D&B India: Rethinking the Future of Global Capability Centers 2025
GCC Landscape & Market Overview,Web Page,https://www.deloitte.com/in/en/Industries/global-gcc.html,Deloitte India: Global Capability Centers Hub
GCC Landscape & Market Overview,Web Page,https://www.ey.com/en_in/gcc,EY India: GCC Study and Insights Hub
GCC Landscape & Market Overview,Report,https://www.everestgrp.com/report/egr-2025-34-r-7804/,Everest Group: Accelerating GCC Growth – Rise of Provider-Supported Setup Models (2025)
GCC Landscape & Market Overview,Report PDF,https://ssfglobal.in/wp-content/uploads/2025/01/beyond-boundaries-gccs-shaping-tomorrows-enterprises-a-research-report-by-everest-group-n-ssf-global.pdf,Everest Group: Beyond Boundaries – GCCs Shaping Tomorrow's Enterprises (2024)
GCC Landscape & Market Overview,Report,https://www2.everestgrp.com/report/egr-2025-34-r-7314/,Everest Group: Chasing the GCC Opportunity – Next Big Provider Play (2025)
GCC Landscape & Market Overview,Blog,https://www.everestgrp.com/shared-services-global-business-services-centers/the-evolution-and-growth-of-global-capability-centers-gccs-and-the-critical-role-of-providers-blog.html,Everest Group: Evolution & Growth of GCCs – Critical Role of Providers
GCC Landscape & Market Overview,Web Page,https://www.everestgrp.com/tag/gcc/,Everest Group: GCC Research Hub – All Reports
GCC Landscape & Market Overview,Report PDF,https://www.hcltech.com/sites/default/files/documents/analyst-reports/files/2025/11/25/Everest-Group-GCC-Transformation-Capabilities.pdf,Everest Group: GCC Transformation Capabilities in India – PEAK Matrix Assessment 2025
GCC Landscape & Market Overview,Article,https://www.everestgrp.com/blog/moving-from-global-to-local-contracts-a-new-playbook-for-enterprises-and-global-capability-center-leaders-blog.html,Everest Group: Moving from Global to Local Contracts – New Playbook for GCC Leaders
GCC Landscape & Market Overview,Web Hub,https://www.everestgrp.com/market-insights/overview-of-the-global-gcc-market-market-insights.html,Everest Group: Overview of the Global GCC Market – Market Insights™
GCC Landscape & Market Overview,Report PDF,https://inductusgcc.com/wp-content/uploads/2024/08/GCC-%E2%80%93-Annual-Report-2024.pdf,Inductus GCC Annual Report 2024 (PDF)
GCC Landscape & Market Overview,Blog,https://inductusgcc.com/global-capability-centers-in-india-evolution-benefits-for-global-firms/,Inductus: GCCs in India – Evolution and Strategic Benefits
GCC Landscape & Market Overview,Blog,https://inductusgcc.com/global-capability-center-trends-2025/,"Inductus: Global Capability Center Trends 2025 – AI, Governance & Growth"
GCC Landscape & Market Overview,Blog,https://www.infosysbpm.com/blogs/global-capability-centers/gcc-trends-2025.html,Infosys BPM: GCC Trends 2025 – Future of Global Capability Centers
GCC Landscape & Market Overview,Web Page,https://kpmg.com/in/en/home/insights/gcc-pulse.html,KPMG India: GCC Pulse – Strategic Insights
GCC Landscape & Market Overview,Report,https://www.mckinsey.com/capabilities/quantumblack/our-insights/the-state-of-ai-2024,McKinsey: The State of AI in Early 2024 – Gen AI Adoption Spikes
GCC Landscape & Market Overview,Report,https://community.nasscom.in/communities/global-capability-centers/gcc-annual-report-2024,NASSCOM Community: GCC Annual Report 2024
GCC Landscape & Market Overview,Blog,https://community.nasscom.in/communities/global-capability-centers/global-capability-centers-reshaping-corporates,NASSCOM Community: Global Capability Centers – Reshaping Corporates
GCC Landscape & Market Overview,Report,https://zinnov.com/centers-of-excellence/zinnov-nasscom-india-gcc-landscape-report-the-5-year-journey-report/,NASSCOM-Zinnov: India GCC Landscape – The 5-Year Journey (2024)
GCC Landscape & Market Overview,Report,https://nasscom.in/knowledge-center/publications/nasscom-zinnov-india-gcc-trends-half-yearly-analysis,NASSCOM-Zinnov: India GCC Trends – H1 2023 (Automotive & Aerospace)
GCC Landscape & Market Overview,Report,https://nasscom.in/knowledge-center/publications/nasscom-zinnov-india-gcc-trends-quarterly-analysis-q3cy2023,NASSCOM-Zinnov: India GCC Trends – Quarterly Analysis Q3 CY2023
GCC Landscape & Market Overview,Report,https://nasscom.in/knowledge-center/publications/india-gcc-trends-quarterly-analysis-q4cy2023,NASSCOM-Zinnov: India GCC Trends – Quarterly Analysis Q4 CY2023
GCC Landscape & Market Overview,Report,https://nasscom.in/knowledge-center/publications/forging-ahead-strategic-partnerships-between-global-capability,NASSCOM: Forging Ahead – GCC & Service Provider Strategic Partnerships
GCC Landscape & Market Overview,Report,https://nasscom.in/knowledge-center/publications/gcc-40-india-redefining-globalization-blueprint,NASSCOM: GCC 4.0 – India Redefining the Globalization Blueprint
GCC Landscape & Market Overview,Article,https://community.nasscom.in/communities/global-capability-centers/gcc-industry-brief-feb-2025-inductus,NASSCOM: GCC Industry Brief – February 2025 by Inductus
GCC Landscape & Market Overview,Report,https://nasscom.in/knowledge-center/publications/gccs-india-building-resilience-sustainable-growth,NASSCOM: GCCs in India – Building Resilience for Sustainable Growth
GCC Landscape & Market Overview,Report,https://nasscom.in/knowledge-center/publications/india-gcc-landscape-report-5-year-journey,NASSCOM: India GCC Landscape Report – The 5-Year Journey
GCC Landscape & Market Overview,Report,https://nasscom.in/knowledge-center/publications/quarterly-industry-review-march-2025,NASSCOM: Quarterly Industry Review – March 2025
GCC Landscape & Market Overview,Report,https://nasscom.in/knowledge-center/publications/technology-sector-india-strategic-review-2024,NASSCOM: Technology Sector in India – Strategic Review 2024
GCC Landscape & Market Overview,Blog,https://www.plugscale.com/gcc-a-complete-guide-2026,Plugscale: What Is a GCC? A Complete Guide for 2026
GCC Landscape & Market Overview,Market Research,https://www.snsinsider.com/reports/india-capability-centers-market-4556,"SNS Insider: India Capability Centers Market – Growth, Trends & Insights 2024"
GCC Landscape & Market Overview,Report,https://stpi.in/en/knowledge-center/publication/accelerating-growth-global-capability-centres-gccs-india,STPI India: Accelerating the Growth of GCCs in India
GCC Landscape & Market Overview,Academic Article,https://www.sciencedirect.com/science/article/pii/S0970389625000473,ScienceDirect: Global Capability Centres – Emerging Opportunities and Challenges
GCC Landscape & Market Overview,Blog,https://supersourcing.com/blog/what-is-a-global-capability-center-a-complete-guide/,Supersourcing: What Is a Global Capability Center? – Complete Guide
GCC Landscape & Market Overview,Report PDF,https://media.zinnov.com/wp-content/uploads/2025/05/zinnov-india-gcc-landscape-the-5-year-report-2024.pdf,Zinnov-NASSCOM: India GCC Landscape – The 5-Year Journey 2024 (PDF Download)
GCC Landscape & Market Overview,Blog,https://zinnov.com/centers-of-excellence/7-reasons-why-gccs-will-drive-global-growth-in-2025-blog/,Zinnov: 7 Reasons Why GCCs Will Drive Global Growth in 2025
GCC Landscape & Market Overview,Blog,https://zinnov.com/center-of-excellence/global-capability-centers-gccs-leading-the-charge-in-2025-blog/,Zinnov: Global Capability Centers – Leading the Charge in 2025
GCC Landscape & Market Overview,Blog,https://zinnov.com/centers-of-excellence/growth-strategies-for-gccs-the-india-opportunity-blog/,"Zinnov: India's GCC Growth 2024 – AI, Leadership & Collaboration"
GCC Landscape & Market Overview,Blog,https://zinnov.com/centers-of-excellence/5-shifts-defining-indias-global-capability-centers-gccs-story-in-2025-blog/,Zinnov: The 5 Shifts That Defined India's GCC Story in 2025
GCC Leadership & Culture,Blog,https://aeriestechnology.com/gcc-cross-cultural-management/,Aeries Technology: Cross-Cultural Management in GCCs – Bridging Global-Local Gap
GCC Leadership & Culture,Blog,https://inductusgcc.com/gcc-leadership-hiring/,Inductus: GCC Leadership Hiring – How to Build a Strong C-Suite for Your Center
GCC Leadership & Culture,Blog,https://inductusgcc.com/managing-cross-cultural-teams-gcc/,Inductus: Managing Cross-Cultural Teams in GCCs – Best Practices for HQ Alignment
GCC Learning & Development,Report,https://www.mygreatlearning.com/blog/upskilling-trends-report-for-2024-25/,Great Learning: Upskilling Trends Report 2024-25
GCC Learning & Development,Report,https://www.mygreatlearning.com/blog/upskilling-trends-in-india/,Great Learning: Upskilling Trends in India for 2023-2024
GCC Legal & Regulatory,Guide,https://www.ahlawatassociates.com/blog/choosing-between-sez-stpi-and-non-sez-models-for-your-gcc-in-india-legal-implications-explained,Ahlawat & Associates: SEZ vs STPI vs Non-SEZ for GCCs – Legal Implications
GCC Legal & Regulatory,Article,https://indiaemployerforum.org/compliance/legal-and-regulatory-compliance-for-gcc-in-india/,India Employer Forum: Legal & Regulatory Compliance for GCCs in India
GCC Legal & Regulatory,Blog,https://inductusgcc.com/fema-fdi-gcc/,Inductus: FEMA & FDI Regulations for GCC Setup – 100% FDI in IT Services
GCC Legal & Regulatory,Blog,https://inductusgcc.com/india-labor-law-gcc/,"Inductus: India Labor Law for GCCs – Shops & Establishments, Contract Labor Act"
GCC Legal & Regulatory,Blog,https://inductusgcc.com/legal-regulatory-compliance-to-set-up-a-gcc-in-india/,Inductus: Legal & Regulatory Compliance to Set Up a GCC in India
GCC Legal & Regulatory,Guide,https://inductusgcc.com/subsidiary-formation-india/,"Inductus: Subsidiary Formation in India for GCC – WOS, Branch & LLP Options"
GCC Legal & Regulatory,Blog,https://inductusgcc.com/transfer-pricing-gcc/,Inductus: Transfer Pricing for GCCs – Arm's Length Pricing & APA Applications
GCC Legal & Regulatory,Report PDF,https://assets.kpmg.com/content/dam/kpmgsites/in/pdf/2025/09/gccs-in-india-key-tax-insights.pdf,KPMG India: GCCs in India – Key Tax Insights (2025)
GCC Legal & Regulatory,Article,https://www.lexology.com/library/detail.aspx?g=c9df270c-c244-464f-a300-242de6e576bb,"Lexology: Choosing Between SEZ, STPI, Non-SEZ for GCC – Legal Implications Explained"
GCC Legal & Regulatory,Guide,https://supersourcing.com/blog/gcc-company-incorporation-india/,Supersourcing: GCC Company Incorporation in India – MCA & ROC Process
GCC Legal & Regulatory,Guide,https://supersourcing.com/blog/legal-compliance-for-gccs-in-india/,Supersourcing: Legal Compliance for GCCs in India – Complete Guide
GCC Legal & Regulatory,Article,https://taxguru.in/corporate-law/choosing-model-gccs-india-sez-stpi-non-stpi.html,"Tax Guru: Choosing Between SEZ, STPI, and Non-STPI Models for GCCs"
GCC Legal & Regulatory,Article,https://taxguru.in/corporate-law/transfer-pricing-gcc-india.html,Tax Guru: Transfer Pricing in GCCs – Key Compliance and Risk Management
GCC Legal & Regulatory,Article,https://trilegal.com/navigating-tax-challenges-gcc-setup/,Trilegal: Navigating Tax Challenges for GCC Setup in India
GCC Legal & Regulatory,Blog,https://www.vjmglobal.com/blog/fdi-regulations-gcc-india,VJM Global: FDI Regulations for GCC in India – FEMA Compliance Guide
GCC Legal & Regulatory,Guide,https://www.vjmglobal.com/blog/legal-compliance-checklist-gcc-setup-gcc,VJM Global: Legal Compliance Checklist for GCC Setup in India
GCC Legal & Regulatory,Blog,https://www.esparkinfo.com/global-capability-center/india-labor-laws,eSparkBiz: India Labor Laws for GCCs – Employment Contracts & HR Compliance
GCC Legal & Regulatory,Guide,https://www.esparkinfo.com/global-capability-center/legal-compliance,eSparkBiz: Legal Compliance for GCCs in India – 2026 Practical Guide
GCC Location Strategy,Report,https://www.cushmanwakefield.com/en/japan/insights/worlds-major-gcc-hotspots,Cushman & Wakefield: Global Capability Centers – Key Hotspots and India's Rise
GCC Location Strategy,Report PDF,https://cushwake.cld.bz/worldsmajorgcchotspots-11-2024-apac-regional-en-content-trep-realestate,Cushman & Wakefield: World's Major GCC Hotspots – APAC Regional 2024
GCC Location Strategy,Article,https://www.ey.com/en_in/services/consulting/global-capability-centers/ey-gcc-conclave-2024-delhi,EY GCC Conclave 2024 Delhi – Emerging Destinations & State Policy Landscape
GCC Location Strategy,Article,https://theiecgroup.com/the-global-gcc-dilemma-finding-the-ideal-country-for-talent-cost-and-culture/,IEC Group: The Global GCC Dilemma – Finding the Ideal Country
GCC Location Strategy,Blog,https://inductusgcc.com/gcc-in-bangalore/,Inductus: GCC in Bangalore – Why Bengaluru Leads India's GCC Ecosystem
GCC Location Strategy,Blog,https://inductusgcc.com/gcc-in-chennai/,"Inductus: GCC in Chennai – Auto, Engineering & BFSI GCC Growth Story"
GCC Location Strategy,Blog,https://inductusgcc.com/gcc-in-delhi-ncr/,"Inductus: GCC in Delhi NCR – Sectors, Talent Pool & Cost Benchmarks"
GCC Location Strategy,Blog,https://inductusgcc.com/gcc-in-hyderabad/,"Inductus: GCC in Hyderabad – Talent, Infrastructure & State Policy Support"
GCC Location Strategy,Blog,https://inductusgcc.com/gcc-in-india/,Inductus: GCC in India – Comprehensive Country Guide for Setting Up
GCC Location Strategy,Blog,https://inductusgcc.com/gcc-in-mexico/,Inductus: GCC in Mexico – Nearshore Powerhouse for US & Canada Companies
GCC Location Strategy,Blog,https://inductusgcc.com/gcc-in-philippines/,Inductus: GCC in Philippines – English-Speaking Talent & BPO Ecosystem
GCC Location Strategy,Blog,https://inductusgcc.com/gcc-in-poland/,Inductus: GCC in Poland – Nearshore Hub for European Enterprises
GCC Location Strategy,Blog,https://inductusgcc.com/gcc-in-pune/,Inductus: GCC in Pune – Emerging Destination for Manufacturing & Tech GCCs
GCC Location Strategy,Blog,https://inductusgcc.com/gcc-in-vietnam/,Inductus: GCC in Vietnam – Emerging Low-Cost Engineering Hub
GCC Location Strategy,Blog,https://zinnov.com/centers-of-excellence/how-tier-2-talent-is-powering-india-global-capability-centers-blog/,Zinnov: Beyond the Metros – How Tier-II Talent Is Powering India's GCCs
GCC Location Strategy,Report,https://zinnov.com/global-capability-center-setup-location-analysis-2024-report/,Zinnov: COE Hotspots 2024 – GCC Setup Location Analysis
GCC Location Strategy,Report,https://zinnov.com/global-capability-center-setup-location-analysis-2025-report/,Zinnov: CoE Hotspots of the World 2025 – GCC Setup Location Analysis
GCC Location Strategy,Article,https://zinnov.com/global-talent/,Zinnov: Global Talent Insights – COE Hotspots 2025 Report
GCC Location Strategy,Blog,https://www.altre.co.in/blogs/global-capability-centers-in-india-country-trends-location-strategy,altre: GCCs in India – Country Trends and Location Strategy
GCC Real Estate & Workspace,Report,https://www.cushmanwakefield.com/en/india/news/2023/02/gccs-in-india-are-accelerating-transformation,Cushman & Wakefield: GCCs in India Accelerating Commercial Real Estate Transformation
GCC Real Estate & Workspace,Blog,https://theflexinsights.com/gcc-hybrid-workspace-strategy/,FlexInsights: GCC Hybrid Workspace Strategy – Flexible vs Dedicated Office Models
GCC Real Estate & Workspace,Article,https://theflexinsights.com/the-future-of-workspaces-aligning-real-estate-with-gcc-evolution/,FlexInsights: GCC Workspaces – Real Estate's Strategic Evolution
GCC Real Estate & Workspace,Blog,https://inductusgcc.com/gcc-office-space-india/,Inductus: GCC Office Space in India – Selecting Grade A Workspaces
GCC Real Estate & Workspace,Blog,https://inductusgcc.com/hybrid-work-gcc/,Inductus: Hybrid Work in GCCs – Balancing Collaboration and Remote Flexibility
GCC Setup & Operating Models,Web Page,https://ansr.com/build-operate-transfer/,ANSR: Build-Operate-Transfer (BOT) Model for GCCs
GCC Setup & Operating Models,Web Hub,https://ansr.com/,ANSR: GCC Cost & Setup Benchmarking – India Market Intelligence
GCC Setup & Operating Models,Blog,https://aeriestechnology.com/the-2025-guide-to-scaling-global-capability-centers-gccs-with-bot-outsourcing-models/,Aeries Technology: 2025 Guide to Scaling GCCs with BOT Outsourcing Models
GCC Setup & Operating Models,Blog,https://aeriestechnology.com/gcc-setup-guide-india/,"Aeries Technology: GCC Setup Guide India – Infrastructure, Legal & Talent"
GCC Setup & Operating Models,Web Page,https://www.anlage.co.in/build-operate-transfer-model/,Anlage Infotech: GCC Launchpad – Build-Operate-Transfer Model
GCC Setup & Operating Models,Blog,https://inductusgcc.com/build-operate-transfer-strategic-bot-model-for-gcc/,Inductus: Build-Operate-Transfer – Strategic BOT Model for GCC
GCC Setup & Operating Models,Blog,https://inductusgcc.com/captive-center-vs-gcc/,Inductus: Captive Center vs GCC – Key Differences and When to Use Each
GCC Setup & Operating Models,Blog,https://inductusgcc.com/how-to-set-up-a-gcc-in-india/,Inductus: How to Set Up a GCC in India – Complete Step-by-Step Guide
GCC Setup & Operating Models,Blog,https://www.infosysbpm.com/blogs/global-capability-centers/captive-centers-in-india.html,Infosys BPM: Captive Centers in India – Strategy and Benefits Overview
GCC Setup & Operating Models,Blog,https://inspiredgeit.com/2025/10/24/bot-framework-build-operate-transfer-gcc-model/,Inspiredge: BOT Framework – Build-Operate-Transfer for GCC
GCC Setup & Operating Models,Guide,https://knowvisoryglobal.com/step-by-step-guide-to-creating-a-global-capability-center-in-india/,Knowvisory Global: Step-by-Step Guide to Creating a GCC in India
GCC Setup & Operating Models,Blog,https://knowvisoryglobal.com/gcc-setup-costs-india/,Knowvisory: GCC Setup Costs in India – Budget Planning Framework
GCC Setup & Operating Models,Blog,https://medium.com/@akhil.nambiar/gcc-operating-model-designing-for-scalability-and-growth-fc5497f68088,Medium: GCC Operating Model – Blueprint for Scalable Growth
GCC Setup & Operating Models,Blog,https://medium.com/@nishithakohli/mastering-gcc-governance-to-drive-operational-excellence-7533be291913,Medium: Mastering GCC Governance to Drive Operational Excellence
GCC Setup & Operating Models,Web Page,https://www.parkar.in/gcc-bot,"Parkar: BOT Model for GCCs – Build, Operate, Transfer"
GCC Setup & Operating Models,Blog,https://www.plugscale.com/how-to-set-up-a-gcc,Plugscale: How to Set Up a GCC in India – 6-Month Roadmap
GCC Setup & Operating Models,Case Study,https://www.plugscale.com/india-gcc-bot-model-case-study,Plugscale: India GCC BOT Model Case Study – Storage Engineering Center
GCC Setup & Operating Models,Web Page,https://scalegcc.com/gcc-location-feasibility-assessment-tool/,ScaleGCC: GCC Location Feasibility Assessment Tool
GCC Setup & Operating Models,Blog,https://supersourcing.com/blog/how-to-set-up-a-global-capability-center-in-india/,Supersourcing: How to Set Up a GCC in India – Setup Timeline & Costs
GCC Setup & Operating Models,Web Page,https://www.torryharris.com/global-capability-center/framework-for-excellence,Torry Harris: GCC Framework for Excellence – AIM Methodology
GCC Setup & Operating Models,Blog,https://www.vjmglobal.com/blog/how-to-incorporate-subsidiary-india-gcc,VJM Global: How to Incorporate a Wholly Owned Subsidiary in India for GCC
GCC Setup & Operating Models,Guide,https://www.esparkinfo.com/global-capability-center/build-operate-transfer/guide,eSparkBiz: BOT Model for GCC – Strategic Enterprise Guide 2026
GCC Setup & Operating Models,Guide,https://www.esparkinfo.com/global-capability-center/entity-setup-india,eSparkBiz: GCC Entity Setup in India – Wholly Owned Subsidiary Guide
GCC Setup & Operating Models,Guide,https://www.esparkinfo.com/global-capability-center/setup,eSparkBiz: Setting Up a GCC in India – Complete 2026 Guide
GCC Strategy & Business Case,Whitepaper,https://codeninjaconsulting.com/research/how-modern-organizations-scale-role-of-global-capability-centers-gccs,CodeNinja: How Modern Organizations Scale – Role of GCCs in Enterprise Growth
GCC Strategy & Business Case,Article,https://www.ey.com/en_in/insights/consulting/global-capability-centers,"EY India: GCC Advisory Practice – Strategy, Digital, Talent & Security Pillars"
GCC Strategy & Business Case,Article,https://www.ey.com/en_in/services/consulting/global-capability-centers/how-gcc-s-are-evolving-into-global-value-organizations,EY: How GCCs Are Evolving Into Global Value Organizations (GVO) – Pulse Survey 2023
GCC Strategy & Business Case,Article,https://www.ey.com/en_in/insights/consulting/global-capability-centers/how-can-global-capability-centers-continuously-reinvent-to-deliver-value,EY: How GCCs Continuously Reinvent to Deliver Value
GCC Strategy & Business Case,Article,https://www.ey.com/en_in/insights/consulting/global-capability-centers/how-can-gccs-help-diversify-the-suite-of-offerings,EY: How GCCs Diversify Their Service Portfolio – New-Age Services
GCC Strategy & Business Case,Article,https://www.ey.com/en_in/insights/consulting/global-capability-centers/how-gccs-empower-organizations-with-data-driven-insights,EY: How GCCs Empower Organizations with Data-Driven Insights & Strategic Growth
GCC Strategy & Business Case,Article,https://www.ey.com/en_in/insights/consulting/global-capability-centers/india-s-gccs-are-leading-the-shift-to-intelligent-ai-native-enterprises,"EY: India's GCCs Leading the Shift to Intelligent, AI-Native Enterprises"
GCC Strategy & Business Case,Article,https://www.ey.com/en_in/insights/consulting/global-capability-centers/how-gccs-expand-into-in-house-coes,EY: Why Firms Expand GCCs into In-House Centers of Excellence (CoEs)
GCC Strategy & Business Case,Report,https://www2.everestgrp.com/report/egr-2025-33-v-7371/,Everest Group: GCCs and the Consulting Opportunity – Viewpoint 2025
GCC Strategy & Business Case,Article,https://www.everestgrp.com/how-global-capability-centers-are-driving-transformation-the-evolving-landscape-blog/,Everest Group: How GCCs Are Driving Transformation – Evolving Landscape
GCC Strategy & Business Case,Blog,https://www.everestgrp.com/blog/the-rise-of-holistic-global-capability-center-gcc-set-up-solutions-partnerships-playbooks-and-pitfalls-blog.html,Everest Group: Rise of Holistic GCC Set-up Solutions – Playbooks and Pitfalls
GCC Strategy & Business Case,Article,https://isg-one.com/articles/whats-next-for-gccs--operating-model-challenges-and-genai-opportunities,ISG: What's Next for GCCs – Operating Model Challenges and GenAI Opportunities
GCC Strategy & Business Case,Blog,https://inductusgcc.com/global-capability-center-business-case/,Inductus: Building the Business Case for a GCC – ROI and TCO Framework
GCC Strategy & Business Case,Blog,https://inductusgcc.com/establishing-an-exemplary-global-capability-center-a-step-by-step-guide/,Inductus: Establishing an Exemplary GCC – Step-by-Step Guide
GCC Strategy & Business Case,Whitepaper,https://inductusgcc.com/gcc-whitepaper/,Inductus: GCC Whitepaper – Building Future-Ready Global Capability Centers
GCC Strategy & Business Case,Blog,https://inductusgcc.com/gcc-vs-outsourcing/,Inductus: GCC vs Outsourcing – When to Build Your Own Capability Center
GCC Strategy & Business Case,Blog,https://inductusgcc.com/transforming-global-capability-centers-into-centers-of-excellence/,Inductus: Transforming GCCs into Centers of Excellence
GCC Strategy & Business Case,Blog,https://www.infosysbpm.com/blogs/global-capability-centers/gcc-benefits.html,"Infosys BPM: GCC Benefits – Cost Savings, Talent Access & Innovation"
GCC Strategy & Business Case,Blog,https://www.infosysbpm.com/blogs/global-capability-centers/global-capability-centre-overview.html,Infosys BPM: Global Capability Centre Overview – Strategic Hubs for Growth
GCC Strategy & Business Case,Blog,https://www.infosysbpm.com/blogs/global-capability-centers/what-is-a-gcc.html,"Infosys BPM: What Is a GCC? – Overview, Purpose and Models"
GCC Strategy & Business Case,Blog,https://knowvisoryglobal.com/gcc-operating-model-guide/,"Knowvisory: GCC Operating Model Guide – Governance, KPIs & Value Creation"
GCC Strategy & Business Case,Blog,https://www.morganlewis.com/blogs/sourcingatmorganlewis/2025/03/the-rise-of-the-global-capability-center-key-considerations,Morgan Lewis: The Rise of the GCC – Key Legal and Strategic Considerations
GCC Strategy & Business Case,Report,https://nasscom.in/knowledge-center/publications/digital-enterprise-2025-advancing-ai-first-enterprise,NASSCOM: Digital Enterprise 2025 – Advancing to an AI-First Enterprise
GCC Strategy & Business Case,Blog,https://community.nasscom.in/communities/nasscom-insights/nasscom-indias-gcc-leap-powering-global-mid-market-momentum,NASSCOM: India's GCC Leap – Powering Global Mid-Market Momentum (April 2025)
GCC Strategy & Business Case,Report,https://nasscom.in/knowledge-center/publications/technology-sector-india-strategic-review-2025,NASSCOM: Technology Sector in India – Strategic Review 2025
GCC Strategy & Business Case,Report,https://nasscom.in/knowledge-center/publications/unlocking-growth-and-value-creation-technology-services-2024-25,NASSCOM: Unlocking Growth & Value Creation for Technology Services 2024-25
GCC Strategy & Business Case,Blog,https://www.plugscale.com/gcc-operating-models,Plugscale: GCC Operating Models – Captive vs BOT vs Managed Services
GCC Strategy & Business Case,Report,https://www.weforum.org/publications/the-future-of-jobs-report-2024/,WEF: Future of Jobs Report 2024
GCC Strategy & Business Case,Report,https://zinnov.com/centers-of-excellence/zinnov-nasscom-mid-market-global-capability-centers-gccs-2025-report/,Zinnov-NASSCOM: Mid-Market GCC Report 2025 – 35% Set Up in Just Two Years
GCC Strategy & Business Case,Blog,https://zinnov.com/centers-of-excellence/,Zinnov: Centers of Excellence – Insights Hub
GCC Strategy & Business Case,Blog,https://zinnov.com/private-equity/why-globalization-is-pes-strongest-value-lever-blog/,Zinnov: Why Globalization is PE's Strongest Value Lever – 5-Step Playbook
GCC Strategy & Business Case,Blog,https://zinnov.com/private-equity/why-are-private-equity-portcos-going-global-blog/,Zinnov: Why Private Equity Portcos Are Going Global – EBITDA Leverage via GCCs
GCC Strategy & Business Case,Blog,https://www.esparkinfo.com/global-capability-center/gcc-vs-outsourcing,eSparkBiz: GCC vs Outsourcing – Strategic Decision Framework (2026)
GCC Talent & HR,Blog,https://aeriestechnology.com/gcc-hr-management/,"Aeries Technology: GCC HR Management – Payroll, Compliance & Employee Experience"
GCC Talent & HR,Survey,https://www.ey.com/en_in/newsroom/2024/11/gen-ai-a-top-priority-for-70-percent-gcc-s-in-india-more-than-half-leveraging-it-to-boost-ops-and-customer-experience-ey-survey,EY GCC Pulse Survey 2024 – GenAI Priority for 70%; 78% Upskilling Teams
GCC Talent & HR,Survey,https://www.ey.com/en_in/newsroom/2025/11/58-percent-gccs-in-india-investing-in-agentic-ai-two-third-creating-dedicated-innovation-teams-to-globalize-ideas-ey-gcc-pulse-survey-2025,EY GCC Pulse Survey 2025 – 58% Investing in Agentic AI; Attrition Falls to 9%
GCC Talent & HR,Report PDF,https://www.ey.com/content/dam/ey-unified-site/ey-com/en-in/insights/ai/documents/ey-nasscom-ai-adoption-index.pdf,EY-NASSCOM: AI Adoption Index – Talent and Skills
GCC Talent & HR,Blog,https://inductusgcc.com/gcc-hiring-strategies/,Inductus: GCC Hiring Strategies – Building a World-Class Tech Talent Team
GCC Talent & HR,Blog,https://inductusgcc.com/hr-technology-for-gccs/,"Inductus: HR Technology for GCCs – Tools for Payroll, HRMS & Workforce Analytics"
GCC Talent & HR,Blog,https://knowvisoryglobal.com/gcc-talent-strategy-india/,Knowvisory: GCC Talent Strategy – Engineering Talent Pipeline for 2025
GCC Talent & HR,Blog,https://www.mtlc.co/gccs-driving-innovation-employment-and-economic-expansion-in-india/,"MTLC: GCCs Driving Innovation, Employment & Economic Expansion in India"
GCC Talent & HR,Blog,https://www.multirecruit.com/blogs/gic-gcc-recruitment-trends-and-insights/,Multirecruit: GIC/GCC Recruitment Trends and Insights 2024
GCC Talent & HR,Article,https://community.nasscom.in/communities/global-capability-centers/new-gccs-set-and-existing-gccs-expansion-india-overview,NASSCOM: New GCCs Set Up and Existing GCC Expansions in India – H1 CY2023 Overview
GCC Talent & HR,Blog,https://www.plugscale.com/gcc-recruitment-guide,"Plugscale: GCC Recruitment Guide – Hiring for Digital, AI & Engineering Roles"
GCC Talent & HR,Blog,https://supersourcing.com/blog/gcc-talent-strategy/,"Supersourcing: GCC Talent Strategy – Attract, Hire and Retain Top Engineers"
GCC Talent & HR,Blog,https://trigent.com/blog/gcc-workforce-planning-2025/,Trigent: GCC Workforce Planning 2025 – Headcount Growth from 1.9M to 2.8M
GCC Talent & HR,Blog,https://trigent.com/blog/how-gccs-are-influencing-indias-future-workforce-and-economy/,Trigent: How GCCs Are Influencing India's Future Workforce and Economy
GCC Talent & HR,Report,https://zinnov.com/center-of-excellence/employee-benefits-study-an-india-gcc-view-2024-report/,Zinnov: Employee Benefits Study – An India GCC View 2024
GCC Talent & HR,Report PDF,https://media.zinnov.com/wp-content/uploads/2025/03/gcc-talent-trends-2025.pdf,Zinnov: GCC Talent Trends 2025 – Compensation Benchmarks PDF
GCC Talent & HR,Blog,https://zinnov.com/global-talent/how-india-gccs-can-attract-and-retain-top-talent-blog/,Zinnov: How India GCCs Can Attract and Retain Top Talent
GCC Talent & HR,Report,https://zinnov.com/global-talent/zinnov-recruitment-benchmarking-2024-report/,Zinnov: Recruitment Benchmarking Report – Talent Acquisition Priorities 2025
GCC Talent & HR,Report,https://zinnov.com/global-talent/salary-increase-attrition-and-hiring-trends-india-gcc-view-2023-2024-report/,"Zinnov: Salary, Attrition & Hiring Trends – India GCC View 2023-2024"
GCC Talent & HR,Report,https://zinnov.com/global-talent/salary-increase-attrition-and-hiring-trends-an-india-gcc-view-2024-report/,"Zinnov: Salary, Attrition & Hiring Trends – India GCC View 2024"
GCC Talent & HR,Report,https://zinnov.com/global-talent/salary-increase-attrition-and-hiring-trends-an-india-gcc-view-2025-26-report/,"Zinnov: Salary, Attrition & Hiring Trends – India GCC View 2025-26"
GCC Technology & Digital,Event,https://www.ey.com/en_in/services/consulting/global-capability-centers/ey-gcc-conclave-2024-chennai,EY GCC Conclave 2024 – Chennai – Unlocking Global Value
GCC Technology & Digital,Event,https://www.ey.com/en_in/services/consulting/global-capability-centers/ey-gcc-conclave-2024-pune,EY GCC Conclave 2024 – Pune – Riding the Next S-Curve
GCC Technology & Digital,Event,https://www.ey.com/en_in/services/consulting/global-capability-centers/ey-gcc-gen-ai-conclave-2024,EY GCC GenAI Conclave 2024 – India's Flagship GenAI Event for GCC Leaders
GCC Technology & Digital,Blog,https://inductusgcc.com/cloud-strategy-for-gccs/,"Inductus: Cloud Strategy for GCCs – AWS, Azure & Google Cloud Adoption"
GCC Technology & Digital,Blog,https://inductusgcc.com/cybersecurity-gcc/,Inductus: Cybersecurity in GCCs – Building Security-First Operations
GCC Technology & Digital,Blog,https://inductusgcc.com/data-analytics-gcc/,Inductus: Data & Analytics in GCCs – Building Centers of Excellence for Insights
GCC Technology & Digital,Blog,https://inductusgcc.com/digital-transformation-gcc/,"Inductus: Digital Transformation in GCCs – RPA, AI & Cloud-Led Modernization"
GCC Technology & Digital,Blog,https://www.infosysbpm.com/blogs/global-capability-centers/gcc-cloud-transformation.html,Infosys BPM: GCC Cloud Transformation – Accelerating Digital Migration
GCC Technology & Digital,Report,https://www.mckinsey.com/capabilities/quantumblack/our-insights/the-state-of-ai-in-gcc-countries-in-pursuit-of-scale-and-value,McKinsey: AI Adoption in GCC – Strategies for Value Creation (2025)
GCC Technology & Digital,Report,https://www.mckinsey.com/capabilities/quantumblack/our-insights/the-state-of-gen-ai-in-the-middle-easts-gcc-countries-a-2024-report-card,McKinsey: State of Gen AI in the Middle East's GCC Countries – 2024 Report Card
GCC Technology & Digital,Article,https://www.zawya.com/en/business/technology-and-telecom/gcc-ahead-of-the-curve-in-gen-ai-adoption-mckinsey-s80njbnu,Zawya: GCC Ahead of the Curve in Gen AI Adoption – McKinsey Findings
GCC by Industry – BFSI,Report PDF,https://ansr.com/wp-content/uploads/2024/04/State-of-BFSI-GCCs-in-India-PDF.pdf,ANSR: Banking Industry Trends and GCC Landscape in India 2025 (PDF)
GCC by Industry – BFSI,News Article,https://www.newkerala.com/news/o/indias-bfsi-gcc-sector-reach-125-billion-2032-report-408,India BFSI GCC Sector to Hit $125 Billion by 2032 – Quess Corp Report
GCC by Industry – BFSI,Article,https://community.nasscom.in/communities/bfsi/bfsi-industry-2024-overview-challenges-and-recent-trends,"NASSCOM Community: BFSI Industry in 2024 – Overview, Challenges and Trends"
GCC by Industry – BFSI,Report,https://www.nasscom.in/knowledge-center/publications/bfsi-gccs-road-ahead,NASSCOM-KPMG: BFSI GCCs – The Road Ahead (Flagship Report)
GCC by Industry – BFSI,Market Research,https://www.snsinsider.com/reports/gccs-in-the-bfsi-market-4725,"SNS Insider: GCCs in the BFSI Market – Size, Share & Growth Trends to 2032"
GCC by Industry – Technology,Blog,https://sansovi.com/indias-top-gccs-2025-revenue-growth-sansovi/,Sansovi: India's Top GCCs in 2025 – Sector Leaders and Growth Trends
GCC by Industry — BFSI,Blog,https://aeriestechnology.com/bfsi-gcc-india/,"Aeries Technology: BFSI GCC Setup Guide – Regulatory, Talent & Technology"
GCC by Industry — BFSI,Article,https://www.ey.com/en_in/insights/financial-services/how-financial-services-firms-are-evolving-their-technology-investment,EY: Financial Services Firms Evolving Tech Investment – GCC as Tech Backbone
GCC by Industry — BFSI,Report,https://www.ey.com/en_in/newsroom/2025/12/pe-vc-investments-in-india-reach-88-percent-of-2024-levels-as-2025-nears-close-ey-ivca-report,EY: HSBC-EY Compendium on GIFT City – Next Phase of Global Integration
GCC by Industry — BFSI,Event,https://www2.everestgrp.com/reportaction/EGR-2025-77-V-6929/Marketing,Everest Group: Banking & Insurance GBS/GCC – Building Capabilities for the Future
GCC by Industry — BFSI,Blog,https://inductusgcc.com/bfsi-gcc/,"Inductus: BFSI GCCs in India – Key Players, Functions & Growth Trends"
GCC by Industry — BFSI,Blog,https://www.infosysbpm.com/blogs/global-capability-centers/bfsi-gcc-india.html,"Infosys BPM: BFSI GCCs in India – Banking, Insurance & Capital Markets"
GCC by Industry — Energy & Utilities,Article,https://www.ey.com/en_in/insights/energy-resources/india-s-energy-gccs-in-the-global-energy-transition,EY: India's Energy GCCs – Pivotal in the Global Renewable Energy Transition
GCC by Industry — Energy & Utilities,Blog,https://inductusgcc.com/energy-gcc/,"Inductus: Energy Sector GCCs – Renewable Energy, Grid Management & IoT"
GCC by Industry — Healthcare & Life Sciences,Blog,https://inductusgcc.com/healthcare-gcc/,"Inductus: Healthcare GCCs in India – Clinical, R&D & Digital Health Functions"
"GCC by Industry — Retail, CPG & Manufacturing",Article,https://www.ey.com/en_in/services/assurance/esg-sustainability,"EY: India GCCs Powering Retail & CPG – AI, Analytics & Store Operations (Feb 2026)"
"GCC by Industry — Retail, CPG & Manufacturing",Blog,https://inductusgcc.com/manufacturing-gcc/,"Inductus: Manufacturing GCCs – Engineering, Quality & Supply Chain Functions"
GCC by Industry — Technology & Engineering,Blog,https://inductusgcc.com/tech-gcc/,"Inductus: Tech GCCs in India – Software Engineering, AI/ML & Platform Development"
Geography - City,Pdf Guide,https://www.guidancetamilnadu.com/gcc-chennai-opportunities/,Guidance Tamil Nadu - Chennai GCC Opportunities
Geography - City,Web Resource,https://www.investhyderabad.in/global-capability-centers/,Invest Hyderabad - GCC Ecosystem & Incentives
Geography - City,Web Portal,https://www.investpune.com/sectors/gcc-pune,Invest Pune - GCC Sector Overview
Geography - Colombia,Web Resource,https://www.investincolombia.com.co/sectors/bpo-services,Invest in Colombia - BPO & GCC Sector
Geography - India,Pdf Report,https://www.ey.com/en_in/attractiveness/gcc-india-2024,EY - GCC India Attractiveness Report 2024
Geography - India,Web Article,https://www.ibef.org/news/global-capability-centres-gccs-stage-strong-comeback-with-40-share-of-office-demand-in-2025,IBEF - GCCs Stage Strong Comeback with 40% Office Demand Share 2025
Geography - India,Pdf Report,https://www.ibef.org/blogs/global-capability-centres-are-transforming-india-s-corporate-landscape,IBEF - Global Capability Centres Shaping India's Corporate Growth
Geography - India,Web Portal,https://www.investindia.gov.in/gcc-opportunities-india,Invest India - GCC Opportunities by State
Geography - India,Web Article,https://www.livemint.com/companies/news/india-gcc-growth-story-2024,Mint - India's GCC Growth Story
Geography - India,Pdf Report,https://www.nasscom.in/knowledge-center/publications/india-gcc-investment-guide,NASSCOM - India GCC Investment Guide
Geography - India,Pdf Report,https://www.zinnov.com/india-gcc-market-report-2024/,Zinnov - India GCC Market Report 2024
Geography - Mexico,Pdf Report,https://www2.deloitte.com/content/dam/Deloitte/mx/Documents/about-deloitte/gcc-mexico-landscape.pdf,Deloitte Mexico - GCC Landscape Report
Geography - Mexico,Pdf Report,https://www.investinqueretaro.com/gcc-mexico-opportunities/,Invest Queretaro - GCC Mexico Guide
Geography - Mexico,Web Resource,https://www.promexico.gob.mx/en/global-services,ProMexico - Global Services & GCC Sector
Geography - Philippines,Web Report,https://www.bpap.org/research-and-insights/,BPAP - Business Process Association Research
Geography - Philippines,Pdf Guide,https://www.ey.com/en_ph/consulting/gcc-setup-philippines,EY Philippines - GCC Setup Advisory
Geography - Philippines,Pdf Report,https://www.peza.gov.ph/gcc-sector-philippines,PEZA - GCC & Shared Services in Philippines
Geography - Poland,Web Report,https://www.absl.pl/en/reports-research/,ABSL Poland - Business Services Sector Reports
Geography - Poland,Pdf Guide,https://www2.deloitte.com/content/dam/Deloitte/pl/Documents/Reports/pl_gcc_setup_guide_poland.pdf,Deloitte Poland - GCC Setup Guide
Geography - Poland,Pdf Report,https://www.paih.gov.pl/gcc_sector_poland,PAIH - GCC/SSC Sector in Poland
Geography - Romania,Pdf Report,https://www.investromania.gov.ro/gcc-business-services/,Invest Romania - GCC & Business Services
Global Shared Services & GBS Context,Blog,https://www.infosysbpm.com/blogs/global-capability-centers/global-business-services.html,"Infosys BPM: GBS vs GCC – Differences, Overlaps and Integration Opportunities"
Governance & Compliance,Web Resource,https://www2.deloitte.com/in/en/pages/risk/articles/gcc-compliance-management.html,Deloitte - GCC Compliance Management
Governance & Compliance,Pdf Report,https://www.ey.com/en_in/risk/gcc-risk-governance,EY - Risk & Governance in GCCs
Governance & Compliance,Web Article,https://www.kpmg.com/in/en/home/insights/gcc-governance-best-practices.html,KPMG - GCC Governance Best Practices
Governance & Compliance,Pdf Guide,https://www.pwc.in/services/risk-assurance/gcc-governance-framework.html,PwC - GCC Governance Framework
Government & Incentives,Pdf Guide,https://www.incometaxindia.gov.in/gcc-tax-incentives,Income Tax Dept - Tax Incentives for GCCs
Government & Incentives,Web Portal,https://www.investindia.gov.in/gcc-incentives-schemes,Invest India - GCC Incentives & Schemes by State
Government & Incentives,Web Resource,https://www.makeinindia.com/gcc-state-wise-policies,Make in India - GCC State-wise Policies
Government & Incentives,Pdf Report,https://www.niti.gov.in/gcc-policy-framework-india,NITI Aayog - GCC Policy Framework India
Government & Incentives,Web Guide,https://sezindia.nic.in/benefits-for-gcc,SEZ India - Benefits for GCC Establishments
Growth & Scaling,Web Article,https://www.bcg.com/publications/2024/expanding-gcc-functions-rd-analytics,BCG - Expanding GCC Functions: R&D & Analytics
Growth & Scaling,Pdf Whitepaper,https://www.capgemini.com/insights/research-library/gcc-scaling-playbook/,Capgemini - GCC Scaling Playbook
Growth & Scaling,Web Article,https://www.forrester.com/blogs/category/global-delivery/,Forrester - Global Delivery & CoE Models
Growth & Scaling,Pdf Report,https://www.hfsresearch.com/research/gcc-coe-maturity-model/,HFS Research - GCC CoE Maturity Model
Growth & Scaling,Pdf Guide,https://www.isg-one.com/research/building-centers-of-excellence-in-gccs,ISG - Building Centers of Excellence in GCCs
Growth & Scaling,Pdf Report,https://www.mckinsey.com/capabilities/mckinsey-digital/our-insights/scaling-gcc-capabilities,McKinsey Digital - Scaling GCC Capabilities
Growth & Scaling,Pdf Report,https://www.tcs.com/content/dam/tcs/pdf/Industries/gcc-expansion-strategy.pdf,TCS - GCC Expansion Strategy Framework
HR Transformation,Web Article,https://www.peoplematters.in/article/gcc/gcc-hr-transformation-strategies,People Matters - GCC HR Transformation Strategies
Inception & Planning,Web Article,https://www.anlage.co.in/how-global-capability-centers-drive-cost-optimization/,Anlage - How Global Capability Centers Drive Cost Optimization
Inception & Planning,Web Article,https://www.bcg.com/publications/2023/setting-up-global-capability-centers,BCG - Strategic Framework for GCC Setup
Inception & Planning,Web Guide,https://www.bain.com/insights/global-business-services-transformation/,Bain - Global Business Services Strategy
Inception & Planning,Web Article,https://corridalegal.com/how-to-set-up-a-global-capability-centre-gcc-in-india-in-2026/,Corrida Legal - How to Set Up a Global Capability Centre (GCC) in India in 2026?
Inception & Planning,Pdf Guide,https://www2.deloitte.com/content/dam/Deloitte/in/Documents/strategy/in-strategy-gcc-setup-playbook-noexp.pdf,Deloitte - GCC Setup Playbook
Inception & Planning,Web Article,https://www.esparkinfo.com/global-capability-center/gcc-operating-models,ESpark - GCC Operating Models Explained: BOT to Long Term Ownership
Inception & Planning,Web Article,https://www.esparkinfo.com/global-capability-center/what-is-gcc,ESpark - What is a Global Capability Center
Inception & Planning,Pdf Report,https://www.ey.com/en_in/consulting/gcc-setup-advisory,EY - GCC Setup Advisory Framework
Inception & Planning,Web Article,https://hbr.org/2022/11/the-new-global-capability-center-playbook,Harvard Business Review - The New GCC Playbook
Inception & Planning,Web Article,https://inorg.com/blog/cost-reduction-strategies-for-global-capability-centers,InOrg - Cost Reduction Strategies for Global Capability Centers
Inception & Planning,Web Article,https://inductusgcc.com/cost-optimization-strategies-for-high-performing-gccs/,Inductus - Cost Optimization Strategies for GCCs in India
Inception & Planning,Web Article,https://www.linkedin.com/pulse/optimizing-costs-global-capability-centers-raghu-babu-gunturu-x9ync,LinkedIn - Optimizing Costs in Global Capability Centers
Inception & Planning,Pdf Report,https://www.mordorintelligence.com/industry-reports/global-capability-centers-market,Mordor Intelligence - Capability Centers Market Size & Trends
Inception & Planning,Web Article,https://www.rishabhsoft.com/blog/gcc-operating-models,RishabhSoft - GCC Operating Models: Aligning with Your Business Priorities
Inception & Planning,Web Article,https://www.ssup.org.in/blog/what-is-a-gcc-complete-guide,SSUP - What is a Global Capability Center
Inception & Planning,Web Article,https://supersourcing.com/blog/10-ways-gccs-cut-costs/,Supersourcing - 10 Ways GCCs Cut Costs without Slowing Innovation
Inception & Planning,Web Article,https://www.torryharris.com/insights/articles/global-capability-center,Torry Harris - How Global Capability Centers Drive Cost Efficiency and Scalability
Inception & Planning,Pdf Whitepaper,https://www.zinnov.com/gcc-strategy-roadmap/,Zinnov - GCC Strategy & Roadmap Development
Industry - BFSI,Pdf Report,https://www2.deloitte.com/content/dam/Deloitte/in/Documents/financial-services/in-fs-gcc-bfsi-landscape-noexp.pdf,Deloitte - GCC BFSI Landscape in India
Industry - BFSI,Pdf Report,https://www.ey.com/en_in/financial-services/gcc-banking-financial-services,EY - GCC in Banking & Financial Services
Industry - BFSI,Web Article,https://www.mckinsey.com/industries/financial-services/our-insights/gcc-fintech-innovation,McKinsey - GCC & FinTech Innovation
Industry - Healthcare,Pdf Guide,https://www2.deloitte.com/content/dam/Deloitte/in/Documents/life-sciences-health-care/in-lshc-gcc-pharma-noexp.pdf,Deloitte - Pharma GCC Operations Guide
Industry - Healthcare,Pdf Report,https://www.ey.com/en_in/life-sciences/gcc-pharma-healthcare,EY - GCC in Pharma & Healthcare
Industry - Healthcare,Web Article,https://www.mckinsey.com/industries/life-sciences/our-insights/gcc-healthcare-innovation,McKinsey - Healthcare Innovation in GCCs
Industry - Retail,Pdf Report,https://www.bcg.com/industries/retail/gcc-consumer-goods,BCG - GCC in Retail & Consumer Goods
Industry - Retail,Pdf Report,https://www.ey.com/en_in/consumer-products-retail/gcc-retail-sector,EY - GCC Retail Sector Trends
Industry - Retail,Web Article,https://www.mckinsey.com/industries/retail/our-insights/gcc-digital-commerce,McKinsey - GCC & Digital Commerce Innovation
Industry Reports,Web Report,https://www.forrester.com/research/global-business-services/,Forrester - Global Business Services Research
Industry Reports,Pdf Report,https://www.frost.com/research/gcc-market-analysis/,Frost & Sullivan - GCC Market Analysis
Industry Reports,Web Report,https://www.hfsresearch.com/research-areas/global-business-services/,HFS Research - Global Business Services & GCC Reports
Industry Reports,Web Portal,https://www.isg-one.com/research/isg-provider-lens,ISG - Provider Lens: GCC & Global Business Services Research
Industry Reports,Web Resource,https://www.neogroup.com/insights/gcc-insights/,NeoGroup - GCC Insights & Research
Infrastructure,Pdf Guide,https://www.cbre.co.in/insights/gcc-facilities-management,CBRE - GCC Facilities Management Best Practices
Infrastructure,Web Report,https://www.colliers.com/en-in/research/gcc-infrastructure-planning,Colliers - GCC Infrastructure Planning Guide
Infrastructure,Pdf Report,https://www.cushmanwakefield.com/en/insights/gcc-workplace-strategy,Cushman & Wakefield - GCC Workplace Strategy
Infrastructure,Web Article,https://www.jll.co.in/en/trends-and-insights/workplace/gcc-smart-building-solutions,JLL - Smart Building Solutions for GCCs
Infrastructure,Web Report,https://www.knightfrank.co.in/research/gcc-real-estate-guide,Knight Frank - GCC Real Estate Strategy
Innovation,Pdf Whitepaper,https://www.bcg.com/publications/gcc-innovation-strategy,BCG - Innovation Strategy for GCCs
Innovation,Web Article,https://www.capgemini.com/insights/research-library/gcc-innovation-labs/,Capgemini - Innovation Labs in GCCs
Innovation,Web Resource,https://www.ideo.com/gcc-design-thinking-approach,IDEO - Design Thinking for GCCs
Innovation,Pdf Report,https://www.wipo.int/gcc-ip-management-guide,WIPO - IP Management Guide for GCCs
Knowledge Management,Pdf Guide,https://www.apqc.org/resource-library/gcc-knowledge-management,APQC - Knowledge Management in GCCs
Landing,https://www.everestgrp.com/how-global-capability-centers-are-driving-transformation-the-evolving-landscape-blog/,How Global Capability Centers Are Driving Transformation (Everest Group,2025)
Landing,https://www.everestgrp.com/sourcing-expertise/gbs-shared-services-gics/,Everest Group GCC Research Portal (PEAK Matrix,transformation reports)
Landing,https://alcor.com/global-capability-center-setup/,Global Capability Center Setup Guide 2026 (Alcor – multi-country),
Landing,https://zinnov.com/global-capability-center-setup-location-analysis-2025-report/,GCC Setup Location Analysis 2025 / CoE Hotspots of the World (Zinnov),
Landing,https://alcor.com/global-capability-center-setup/,Global Capability Center Setup Guide 2026 (Alcor),
Landing,https://zinnov.com/centers-of-excellence/employee-benefits-study-an-india-gcc-view-report/,Employee Benefits Study: An India GCC View 2025 (Zinnov),
Landing,https://newgensoft.com/resources/report-gcc-2025/,Shaping The Future of GCCs in 2025 (Newgen),
Landing,https://alcor.com/global-capability-center-setup/,Global Capability Center Setup Guide 2026 – Mexico Chapter (Alcor),
Landing,https://alcor.com/global-capability-center-setup/,Global Capability Center Setup Guide 2026 – Poland Chapter (Alcor),
Landing + PDF,https://www.everestgrp.com/report/egr-2025-34-r-7582/,Global Capability Center (GCC) Transformation Capabilities in India – PEAK Matrix® Assessment 2025 (Everest Group),
Landing + Report,https://community.nasscom.in/communities/global-capability-centers/global-gcc-summit-2025-post-summit-report,The Global GCC Summit – 2025 Post Summit Report (NASSCOM),
Landing + Reports,https://zinnov.com/centers-of-excellence/zinnov-nasscom-mid-market-global-capability-centers-gccs-2025-report/,Zinnov-NASSCOM Mid-Market Global Capability Centers (GCCs) Report 2025,
Leadership,Pdf Guide,https://www.ccl.org/articles/leading-effectively-articles/gcc-leadership-development/,CCL - Leadership Development for GCC Leaders
Leadership,Web Article,https://www.greatplacetowork.in/gcc-workplace-culture,Great Place to Work - Building Culture in GCCs
Leadership,Web Article,https://hbr.org/topic/gcc-organizational-culture,HBR - Organizational Culture in GCCs
Leadership,Web Resource,https://www.imd.org/gcc-executive-development/,IMD - Executive Development Programs for GCC Leaders
Leadership,Pdf Report,https://www.mckinsey.com/capabilities/people-and-organizational-performance/our-insights/gcc-change-leadership,McKinsey - Change Leadership in GCCs
Legal & Regulatory,Web Resource,https://www.kpmg.com/in/en/home/insights/gcc-tax-regulatory.html,KPMG - GCC Tax & Regulatory Framework (India)
Legal & Regulatory,Pdf Report,https://www.lexology.com/library/gcc-compliance-india,Lexology - GCC Compliance Requirements in India
Legal & Regulatory,Web Guide,https://www.mondaq.com/india/employment-and-hr/gcc-labor-compliance,Mondaq - GCC Labor Law Compliance (India)
Legal & Regulatory,Pdf Guide,https://www.nishithdesai.com/information/research-and-articles/gcc-setup-legal-guide.html,Nishith Desai - GCC Setup Legal Guide (India)
Legal & Regulatory,Pdf Report,https://www.shardul.com/insights/gcc-regulatory-framework-india,Shardul Amarchand - GCC Regulatory Framework in India
M&A,Web Guide,https://www2.deloitte.com/in/en/pages/mergers-and-acquisitions/articles/gcc-integration-playbook.html,Deloitte - GCC Integration Playbook
M&A,Pdf Report,https://www.ey.com/en_in/strategy/gcc-strategic-partnerships,EY - Strategic Partnerships for GCCs
M&A,Web Article,https://www.kpmg.com/in/en/home/insights/gcc-joint-ventures.html,KPMG - Joint Ventures in GCC Setup
M&A,Pdf Report,https://www.pwc.in/services/deals/gcc-ma-strategy.html,PwC - M&A Strategy for GCCs
Maturity & Optimization,Web Report,https://www.accenture.com/in-en/insights/digital/gcc-digital-transformation,Accenture - GCC Digital Transformation Journey
Maturity & Optimization,Pdf Whitepaper,https://www2.deloitte.com/content/dam/Deloitte/in/Documents/technology/in-technology-gcc-innovation-ecosystem-noexp.pdf,Deloitte - GCC Innovation Ecosystem
Maturity & Optimization,Web Article,https://www.ey.com/en_in/consulting/gcc-innovation-hubs,EY - GCC Innovation Hubs in India
Maturity & Optimization,Web Article,https://www.gartner.com/en/articles/how-gccs-are-leading-ai-adoption,Gartner - How GCCs Are Leading AI Adoption
Maturity & Optimization,Pdf Whitepaper,https://www.ibm.com/thought-leadership/gcc-ai-transformation,IBM - AI Transformation in Global Capability Centers
Maturity & Optimization,Pdf Report,https://www.mckinsey.com/capabilities/operations/our-insights/gccs-innovation-product-ownership,McKinsey - GCCs: Innovation & Product Ownership
Maturity & Optimization,Web Resource,https://www.microsoft.com/en-in/industry/gcc-cloud-ai-solutions,Microsoft - Cloud & AI Solutions for GCCs
Maturity & Optimization,Pdf Report,https://www.zinnov.com/gcc-ai-adoption-report/,Zinnov - AI Adoption in GCCs
Maturity Model,Web Article,https://www.bcg.com/publications/2023/gcc-maturity-stages-evolution,BCG - GCC Maturity: From Cost Center to Strategic Asset
Maturity Model,Pdf Framework,https://www2.deloitte.com/content/dam/Deloitte/in/Documents/strategy/in-strategy-gcc-maturity-model-noexp.pdf,Deloitte - GCC Maturity Assessment Framework
Maturity Model,Web Tool,https://www.everestgrp.com/gcc-maturity-assessment-tool/,Everest Group - GCC Maturity Assessment Tool
Maturity Model,Pdf Guide,https://www.hfsresearch.com/pointsofview/gcc-maturity-transformation/,HFS Research - GCC Transformation Maturity
Maturity Model,Pdf Report,https://www.pwc.in/consulting/management-consulting/gcc-maturity-journey.html,PwC - GCC Maturity Journey & Roadmap
Media,Web Resource,https://www.businesstoday.in/technology/gcc-analysis,Business Today - GCC Analysis
Media,Web Portal,https://www.financialexpress.com/business/gcc-updates/,Financial Express - GCC Updates
Media,Web Resource,https://www.livemint.com/companies/gcc-sector-news,Mint - GCC Sector News
Media,Web Subscription,https://www.nasscom.in/newsletter/gcc-digest,NASSCOM - GCC Digest Newsletter
Media,Web Portal,https://economictimes.indiatimes.com/tech/information-technology/gcc,The Economic Times - GCC Coverage
Operating Models,Web Article,https://www.bcg.com/publications/2025/india-rewriting-the-global-capability-center-playbook,BCG - Rewriting the Global Capability Center Playbook: Scaling Maturity
Overview,Pdf Report,https://www.accenture.com/in-en/insights/consulting/global-capability-centers-india,Accenture - GCC Evolution in India
Overview,Pdf Report,https://www2.deloitte.com/content/dam/Deloitte/in/Documents/technology-media-telecommunications/in-tmt-gcc-30-noexp.pdf,Deloitte - GCC 3.0: The Future of Global Capability Centers
Overview,Pdf Report,https://www2.deloitte.com/content/dam/Deloitte/in/Documents/about-deloitte/in-about-gcc-powering-innovation-noexp.pdf,Deloitte - GCCs Powering Innovation
Overview,Pdf Report,https://www.ey.com/en_in/consulting/global-capability-centers,EY India - Global Capability Centers Insights
Overview,Web Article,https://economictimes.indiatimes.com/tech/technology/india-has-over-1600-global-capability-centres-employing-1-66-million-professionals/articleshow/107296815.cms,Economic Times - India's GCC Ecosystem Overview
Overview,Web Report,https://www.everestgrp.com/research/global-capability-centers/,Everest Group - Global Capability Centers Research
Overview,Pdf Report,https://www.ibef.org/industry/it-ites-india,IBEF - IT & ITeS Industry Report (includes GCC data)
Overview,Web Report,https://www.investindia.gov.in/sector/bpm,Invest India - GCC & BPM Sector Overview
Overview,Web Report,https://www.kearney.com/service/operations-performance/global-services-location-index,Kearney - Global Services Location Index (GSLI)
Overview,Web Article,https://www.mckinsey.com/capabilities/operations/our-insights/global-capability-centers-from-low-cost-to-high-impact,McKinsey - GCCs: From Low-Cost to High-Impact
Overview,Pdf Report,https://www.nasscom.in/knowledge-center/publications/gcc-landscape-report-2024,NASSCOM GCC Landscape Report 2024
Overview,Pdf Report,https://www.pwc.in/consulting/technology/global-capability-centres.html,PwC India - Global Capability Centres: The Growth Engine
Overview,Web Dashboard,https://www.statista.com/topics/6847/global-capability-centers-in-india/,Statista - Global Capability Centers in India Statistics
Overview,Pdf Report,https://www.zinnov.com/gcc-market-reports/,Zinnov Zones - GCC Market Intelligence Reports
PDF,https://inductusgcc.com/wp-content/uploads/2025/02/India-as-the-Preferred-GCC-Destination-A-Business-Case-.pdf,India as the Preferred GCC Destination – A Business Case (Inductus),
PDF,https://www.hcltech.com/sites/default/files/documents/analyst-reports/files/2025/11/25/Everest-Group-GCC-Transformation-Capabilities.pdf,Everest Group GCC Transformation Capabilities in India PEAK Matrix® 2025,
PDF,https://www.jll.com/en-in/guides/gcc-office-guide,India GCC Guide 2026 (JLL),
PDF,https://invest.up.gov.in/wp-content/uploads/2025/08/GCC_040825.pdf,Unlocking Uttar Pradesh’s Potential: Global Capability Centres (GCC) Policy (UP Govt),
PDF,https://inductusgcc.com/wp-content/uploads/2024/10/GCC-Strategy-Playbook.pdf,GCC Strategy Playbook: Roadmap for Business Growth (Inductus),
PDF,https://www.pipaltreeservices.com/insights/setting-up-gcc-india-2026-guide/,Setting Up a GCC in India: 2026 Strategic Guide (PipalTree),
PDF Brochure,https://isg-one.com/docs/default-source/2025-ipl-brochures/gcc-services---brochure-(global)---2025.pdf?sfvrsn=f92ae31_1,Global Capability Center (GCC) Services 2025 IPL Brochure (ISG),
PDF Guide,https://www.dhruvaadvisors.com/wp-content/uploads/2025/07/GCC-Report-2025.pdf,GLOBAL CAPABILITY CENTRES – A STEP-BY-STEP GUIDE FOR MULTINATIONALS IN INDIA (Dhruva Advisors,July 2025)
PDF Guide,https://static.investindia.gov.in/s3fs-public/2025-05/gcc-policy-2025.pdf,Invest India GCC Policy & Incentives Guide 2025,
PDF Industry Brief,https://inductusgroup.com/wp-content/uploads/2025/02/GCC-INDUSTRY-BRIEF-FEB-2025-INDUCTUS-.pdf,GCC Industry Brief – Feb 2025 (Inductus),
PDF Report,https://ansr.com/wp-content/uploads/2025/10/whitepaper-India-Takes-the-No-3-1-compressed.pdf,The Executive's Playbook to Global Center Strategy (ANSR,2025)
PDF Report,https://media.zinnov.com/wp-content/uploads/2025/11/salary-increase-attrition-hiring-trends-an-india-gcc-view-2026-report.pdf,Salary Increase,Attrition & Hiring Trends: An India GCC View 2026 (Zinnov)
PDF Report,https://www.ey.com/content/dam/ey-unified-site/ey-com/en-in/pdf/2025/ey-reimagining-life-sciences-global-capability-centers.pdf,Reimagining Life Sciences Global Capability Centers (EY,Aug 2025)
PDF Report,https://www.alvarezandmarsal.com/sites/default/files/2025-02/Global%20Capability%20Centers%20The%20Great%20Force%20Multiplier_final.pdf,Global Capability Centers: The Great Force Multiplier (Alvarez & Marsal,Feb 2025)
PDF Report,https://www.ey.com/content/dam/ey-unified-site/ey-com/en-in/insights/consullting/global-capability-centers/documents/ey-eastern-india-s-role-in-the-next-gcc-wave-from-scale-to-intelligence.pdf,Eastern India’s Role in the Next GCC Wave (EY,Jan 2026)
PDF Report,https://web-assets.bcg.com/a9/93/3df8dfb2476bb64878a63521a431/unlocking-potential-how-gcc-organizations-can-convert-ai-momentum-into-value-at-scale.pdf,Unlocking Potential: How GCC Organizations Can Convert AI Momentum into Value at Scale (BCG,Jan 2026)
PDF Report,https://www.ey.com/content/dam/ey-unified-site/ey-com/en-in/insights/consullting/global-capability-centers/documents/ey-eastern-india-s-role-in-the-next-gcc-wave-from-scale-to-intelligence.pdf,Eastern India’s Role in the Next GCC Wave: From Scale to Intelligence (EY,Jan 2026)
PDF Report,https://gcc-pulse.com/wp-content/uploads/2025/08/Suggestions-for-a-National-Framework-on-GCCs_-July-2025.pdf,Suggestions for a National Framework on GCCs (GCC Pulse / NASSCOM,July 2025)
PDF Report,https://web-assets.bcg.com/66/c2/16f4539648f0a6a455ce5058f7f2/rewriting-the-global-capability-center-playbook.pdf,Rewriting the Global Capability Center Playbook: Scaling Maturity with AI (BCG,June 2025)
PDF Report,https://inductusgcc.com/wp-content/uploads/2025/05/A-Guide-to-Measuring-Global-Capability-Center-GCC-Efficiency-and-Success-Pillars-Parameters-and-Strategic-Action.pdf,A Guide to Measuring Global Capability Center (GCC) Efficiency and Success (Inductus,May 2025)
PDF Report,https://assets.kpmg.com/content/dam/kpmgsites/in/pdf/2025/09/gccs-in-india-key-tax-insights.pdf,GCCs in India: Key Tax Insights (KPMG,Sep 2025)
PDF Report,https://www.dnb.co.in/files/reports/DNB-Rethinking-the-Future-of-Global-Capability-Centers-2025.pdf,Rethinking the Future of Global Capability Centers 2025 (Dun & Bradstreet),
PDF Report,https://media.zinnov.com/wp-content/uploads/2025/03/gcc-talent-trends-2025.pdf,GCC Talent Trends 2025: Navigating the New World of Work (Zinnov),
PDF Report,https://www.hcltech.com/sites/default/files/documents/business_pages/files/2026/01/29/GCC-Trends-2026-Report-GCC-Pulse.pdf,GCC Trends 2026 - The Shifting Architecture of Global Capability Centers (HCLTech / GCC Pulse),
PDF Report,https://talent500.com/blog/wp-content/uploads/sites/42/2025/05/Increment-Compensation-Trends-in-GCCs-updated.pdf,Increment & Compensation Trends in GCCs 2025 (Talent500),
PDF Report,https://www.ey.com/content/dam/ey-unified-site/ey-com/en-in/newsroom/2026/02/ey-future-of-pay-report-2026.pdf,EY Future of Pay Report 2026: India Inc. Salary & Attrition Trends,
PDF Report,https://assets.kpmg.com/content/dam/kpmgsites/in/pdf/2025/07/kpmg-firms-identified-as-a-leader-in-isg-provider-lens-global-capability-center-gcc-services-2025.pdf.coredownload.inline.pdf,ISG Provider Lens™ Global Capability Center (GCC) Services 2025 (KPMG),
PDF Report,https://web-assets.bcg.com/66/c2/16f4539648f0a6a455ce5058f7f2/rewriting-the-global-capability-center-playbook.pdf,Rewriting the Global Capability Center Playbook (BCG – full maturity framework),
PDF Report,https://ssfglobal.in/wp-content/uploads/2025/01/beyond-boundaries-gccs-shaping-tomorrows-enterprises-a-research-report-by-everest-group-n-ssf-global.pdf,Beyond Boundaries: GCCs Shaping Tomorrow’s Enterprises (Everest Group / SSF Global),
PDF Report,https://www.rsystems.com/gcc-report/,GCC Report: Next-Gen Global Capability Centers 2025 Insights (R Systems / NASSCOM / Oliver Wyman),
PDF Report,https://wheebox.com/assets/pdf/ISR_Report_2026.pdf,India Skills Report 2026 (Wheebox – GCC skills section),
PDF Report,https://www.dnb.co.in/files/reports/DNB-Rethinking-the-Future-of-Global-Capability-Centers-2025.pdf,Rethinking the Future of Global Capability Centers 2025 (Dun & Bradstreet - full benchmarking),
PDF Report,https://assets.kpmg.com/content/dam/kpmgsites/in/pdf/2025/09/from-cost-centre-to-nerve-centre-of-the-energy-enterprise.pdf,From Cost Centre to Nerve Centre of the Energy Enterprise (KPMG Agentic Corporate Services),
PDF Report,https://www.scribd.com/document/851911559/GCC-Strategy-Playbook,GCC Strategy Playbook (Inductus),
Performance Management,Pdf Guide,https://www.bcg.com/publications/2024/gcc-performance-measurement-systems,BCG - Performance Measurement Systems for GCCs
Performance Management,Web Resource,https://www.bain.com/insights/gcc-kpi-dashboard-design/,Bain - GCC KPI Dashboard Design
Performance Management,Pdf Framework,https://www.gartner.com/en/operations/insights/gcc-performance-metrics,Gartner - GCC Performance Metrics Framework
Performance Management,Web Article,https://www.mckinsey.com/capabilities/operations/our-insights/gcc-value-measurement,McKinsey - Measuring Value Creation in GCCs
Playbooks,Web Resource,https://ansr.com/whitepaper-ebooks/,ANSR - GCC Whitepapers & Ebooks
Playbooks,Web Resource,https://www.ey.com/en_in/services/consulting/global-capability-centers/the-fs-gcc-playbook,EY - The FS GCC Playbook
Playbooks,Web Resource,https://workplaceawards.in/conference/introducing-the-gcc-playbook-2025/,GCC Playbook 2025: Your Strategic Guide to Future-Ready Global Capability Centers
Playbooks,Web Resource,https://community.nasscom.in/communities/global-capability-centers/whitepaper-indias-gcc-landscape,NASSCOM - Whitepaper: India's GCC Landscape
Podcasts,Audio/Web,https://open.spotify.com/show/gcc-insights-podcast,GCC Insights Podcast Series
Quality & Process,Pdf Report,https://www.apqc.org/resource-library/gcc-process-excellence,APQC - Process Excellence Framework for GCCs
Quality & Process,Pdf Guide,https://www.asq.org/quality-resources/gcc-quality-management,ASQ - Quality Management for GCCs
Quality & Process,Web Guide,https://www.iso.org/gcc-quality-standards.html,ISO - Quality Standards for Global Capability Centers
Quality & Process,Web Article,https://www.leanenterpriseinstitute.org/gcc-continuous-improvement/,Lean Enterprise Institute - GCC Continuous Improvement
Quality & Process,Web Resource,https://www.isixsigma.com/industries/gcc-lean-six-sigma/,iSixSigma - Lean Six Sigma for GCCs
Research,Web Database,https://www.emerald.com/insight/search?q=global+capability+centers,Emerald Insight - GCC Journal Articles
Research,Journal Database,https://scholar.google.com/scholar?q=global+capability+centers,Google Scholar - Global Capability Centers Research
Research,Web Portal,https://www.researchgate.net/topics/global-capability-centers,ResearchGate - Global Capability Centers Topic
Research,Web Repository,https://shodhganga.inflibnet.ac.in/handle/10603/gcc-research,Shodhganga - Doctoral Research on GCCs (India)
Research,Web Resource,https://www.gsb.stanford.edu/faculty-research/case-studies/gcc,Stanford GSB - Global Capability Center Case Studies
Risk Management,Web Report,https://www2.deloitte.com/in/en/pages/risk/articles/gcc-risk-governance-framework.html,Deloitte - GCC Enterprise Risk Management
Risk Management,Web Article,https://www.ey.com/en_in/risk/gcc-operational-resilience,EY - Operational Resilience in Global Capability Centers
Risk Management,Pdf Guide,https://www.pwc.in/risk-assurance/gcc-risk-framework.html,PwC - Risk Management Framework for GCCs
Setup & Foundation,Web Resource,https://aws.amazon.com/solutions/case-studies/gcc-setup/,AWS - Cloud Infrastructure for GCC Setup
Setup & Foundation,Pdf Report,https://www.cbre.co.in/insights/reports/india-office-market-outlook,CBRE India - Office Market & Infrastructure Guide
Setup & Foundation,Pdf Whitepaper,https://www.cisco.com/c/en_in/solutions/design-zone/industries/gcc-network-infrastructure.html,Cisco - GCC Network Infrastructure Design
Setup & Foundation,Pdf Handbook,https://www2.deloitte.com/content/dam/Deloitte/in/Documents/tax/in-tax-india-highlights-2024-noexp.pdf,Deloitte - India Tax & Regulatory Highlights
Setup & Foundation,Web Resource,https://www.ey.com/en_in/tax/india-business-tax-guide,EY - India Business & Tax Guide for GCCs
Setup & Foundation,Web Report,https://www.jll.com/en-in/guides/gcc-office-guide,JLL - India GCC Guide 2026
Setup & Foundation,Web Guide,https://www.knightfrank.co.in/research/india-gcc-office-space-report,Knight Frank - GCC Office Space Planning
Setup & Foundation,Web Portal,https://www.mca.gov.in/,MCA India - Company Registration & Compliance Portal
Setup & Foundation,Pdf Guide,https://www.pwc.in/services/tax/doing-business-in-india.html,PwC - Doing Business in India (Legal Setup)
Setup & Foundation,Web Resource,https://sezindia.nic.in/,SEZ India - Special Economic Zone Guidelines
Setup & Foundation,Web Resource,https://www.stpi.in/,STPI - Software Technology Parks Registration
Shared Services,Pdf Report,https://www.accenture.com/us-en/insights/operations/shared-services,Accenture - Shared Services Strategy & Implementation
Shared Services,Web Guide,https://cioindex.com/reference/how-to-implement-shared-services-guide/,CIO Index - How To Implement Shared Services: A Complete Guide
Shared Services,Pdf Guide,https://www.imanet.org/-/media/2b85bcf1f2c64b73b28a0562ff7947e9,IMA - Implementing Shared Services Centers
Shared Services,Web Article,https://www.ssonetwork.com/shared-services/articles/building-a-modern-shared-services-center,SSON - Building a Modern Shared Services Center: Strategies for Success
Shared Services,Web Resource,https://www.ssonetwork.com/shared-services/resources,SSON - Shared Services Resources Library
Stabilization,Web Report,https://www.aonhewitt.com/india/gcc-talent-trends,Aon Hewitt - GCC Talent Trends & Retention
Stabilization,Pdf Report,https://www.gartner.com/en/finance/topics/global-business-services,Gartner - Global Business Services Excellence
Stabilization,Pdf Guide,https://www.kornferry.com/insights/this-week-in-leadership/gcc-talent-strategy,Korn Ferry - GCC Talent Strategy & Leadership
Stabilization,Web Resource,https://www.linkedin.com/business/talent/blog/talent-acquisition/gcc-hiring-strategies,LinkedIn Talent Solutions - GCC Hiring Strategies
Stabilization,Web Article,https://sloanreview.mit.edu/article/building-operational-excellence-in-shared-services/,MIT Sloan - Operational Excellence in Shared Services
Stabilization,Pdf Report,https://www.mercer.com/our-thinking/career/total-remuneration-survey.html,Mercer - Total Remuneration Survey India
Stabilization,Pdf Guide,https://www.pmi.org/learning/library/process-standardization-best-practices-6349,PMI - Process Standardization Best Practices
Stabilization,Pdf Report,https://www.randstad.in/workforce-insights/gcc-employee-value-proposition/,Randstad - GCC Employee Value Proposition
Stabilization,Web Resource,https://www.isixsigma.com/implementation/financial-analysis/lean-six-sigma-gcc-operations/,iSixSigma - Lean Six Sigma for GCC Operations
Stakeholder Management,Pdf Guide,https://www.pmi.org/learning/library/gcc-stakeholder-engagement,PMI - Stakeholder Engagement in GCCs
Strategy Playbook,Pdf Whitepaper,https://inductusgcc.com/wp-content/uploads/2024/10/GCC-Strategy-Playbook.pdf,Inductus' GCC Strategy Playbook
Talent Acquisition,Web Resource,https://www.naukri.com/gcc-hiring-trends-2025,Naukri - GCC Hiring Trends 2025
Talent Management,Web Article,https://www.satincorp.com/blog/talent-management-gccs-2024,Satin Corp - Talent Management Strategies for GCCs: Retention & Engagement
Talent Strategy,Pdf Guide,https://www.infosysbpm.com/offerings/functions/global-capability-centers/insights/documents/how-gcc-hiring-works-and-the-talent-strategies-behind-a-successful-setup,Infosys BPM - How GCC Hiring Works & Talent Strategies Behind a Successful Setup
Technology - AI/ML,Pdf Whitepaper,https://www.databricks.com/solutions/gcc-machine-learning,Databricks - Machine Learning in GCCs
Technology - AI/ML,Web Resource,https://www.dataiku.com/solutions/gcc-ai-strategy,Dataiku - AI Strategy for GCCs
Technology - AI/ML,Web Article,https://www.h2o.ai/solutions/gcc-ai-implementation,H2O.ai - AI Implementation for GCCs
Technology - AI/ML,Pdf Report,https://www.ibm.com/downloads/cas/gcc-ai-transformation,IBM - AI Transformation in GCCs
Technology - Automation,Web Resource,https://www.automationanywhere.com/in/solutions/gcc-rpa,Automation Anywhere - RPA for GCCs
Technology - Automation,Pdf Guide,https://www.blueprism.com/resources/gcc-automation-playbook,Blue Prism - GCC Automation Playbook
Technology - Automation,Web Article,https://www.nice.com/solutions/gcc-process-automation,NICE - Process Automation for GCCs
Technology - Automation,Pdf Report,https://www.uipath.com/solutions/industry/gcc-automation,UiPath - Intelligent Automation in GCCs
Technology - Cloud,Pdf Guide,https://aws.amazon.com/solutions/case-studies/gcc-cloud-migration/,AWS - Cloud Migration Guide for GCCs
Technology - Cloud,Pdf Whitepaper,https://cloud.google.com/solutions/gcc-digital-transformation,Google Cloud - Digital Transformation for GCCs
Technology - Cloud,Web Resource,https://azure.microsoft.com/en-in/solutions/gcc-cloud-transformation/,Microsoft Azure - GCC Cloud Transformation
Technology - Cloud,Web Article,https://www.oracle.com/in/cloud/gcc-cloud-infrastructure/,Oracle - Cloud Infrastructure for GCCs
Technology Platforms,Web Resource,https://www.atlassian.com/solutions/gcc-project-management,Atlassian - Project Management for GCCs
Technology Platforms,Web Guide,https://www.microsoft.com/en-in/microsoft-365/gcc-collaboration-tools,Microsoft 365 - Collaboration Tools for GCCs
Technology Platforms,Web Resource,https://www.sap.com/india/products/gcc-solutions.html,SAP - ERP Solutions for GCCs
Technology Platforms,Web Resource,https://www.servicenow.com/solutions/gcc-itsm.html,ServiceNow - ITSM for Global Capability Centers
Technology Platforms,Web Resource,https://www.tableau.com/solutions/gcc-analytics,Tableau - Analytics Solutions for GCCs
Technology Platforms,Web Resource,https://www.workday.com/en-us/solutions/industries/gcc.html,Workday - HCM Solutions for Global Capability Centers
Tools,Web Resource,https://www.miro.com/templates/gcc-strategy-canvas/,Miro - GCC Strategy Canvas Templates
Tools,Pdf Resource,https://www.pwc.in/assets/gcc-setup-checklist.pdf,PwC - GCC Setup Checklist
Tools,Resource Library,https://www.smartsheet.com/gcc-templates,Smartsheet - GCC Project Templates
Tools,Web Tool,https://www.tcs.com/gcc-roi-calculator,TCS - GCC ROI Calculator
Training,Web Resource,https://www.coursera.org/courses?query=gcc%20management,Coursera - GCC Management Training Programs
Training,Web Resource,https://www.execed.in/gcc-leadership-programs,ExecEd - Leadership Training for GCC Professionals
Training,Pdf Guide,https://www.nsdc.gov.in/gcc-skill-development-programs,NSDC - Skill Development Programs for GCCs
Training,Web Portal,https://www.pmi.org/certifications/gcc-program-management,PMI - GCC Program Management Certifications
Training,Web Resource,https://www.udemy.com/topic/gcc-operations/,Udemy - GCC Operations Training Courses
Type,URL,Resource Name/Title,
Vendor Management,Pdf Report,https://www.everestgrp.com/research/vendor-management-gcc/,Everest Group - Vendor Management in GCCs
Vendor Management,Pdf Guide,https://www.gartner.com/en/supply-chain/insights/gcc-vendor-management,Gartner - Vendor Management for GCCs
Vendor Management,Web Resource,https://www.isg-one.com/research/gcc-strategic-partnerships,ISG - Strategic Partnerships for GCCs
Video,Web Resource,https://www.ey.com/en_in/webcasts/gcc-archive,EY - GCC Webcast Archive
Video,Web Resource,https://www.youtube.com/@nasscom-gcc,NASSCOM - GCC Video Channel
Workforce Planning,Pdf Report,https://www.manpowergroup.com/workforce-insights/gcc-talent-trends,ManpowerGroup - GCC Talent Trends & Workforce Insights
